{
  "DT": {
    "accuracy": [
      0.9942797340522693,
      0.9944376765694336,
      0.9938416152437877,
      0.9938306279382458,
      0.9939459946464354
    ],
    "precision": [
      0.8882108101473435,
      0.8898748603549844,
      0.8894683917196723,
      0.8900992026560843,
      0.8913337377256862
    ],
    "recall": [
      0.898338678150029,
      0.8985087869307783,
      0.8978316325764695,
      0.8977565146405864,
      0.8981073020130411
    ],
    "f1": [
      0.889826206393008,
      0.889903163642342,
      0.8908042563838151,
      0.8911268569917649,
      0.8915932939926978
    ],
    "pr_auc": [
      0.895306963443041,
      0.8955373413576246,
      0.8951469649731394,
      0.8955438519406893,
      0.8958570607854739
    ],
    "fpr": [
      0.0005893490482872201,
      0.0005752305411291773,
      0.0006329991277977371,
      0.0006341910783821951,
      0.0006222268430853985
    ],
    "fnr": [
      0.10166132184997105,
      0.1014912130692216,
      0.10216836742353037,
      0.10224348535941366,
      0.10189269798695885
    ],
    "train_time_s": [
      0.48944629999959943,
      0.34165170000005674,
      0.3429500000002008,
      0.3278739000006681,
      0.33023249999951076
    ],
    "inference_ms": [
      0.00012566854320693107,
      8.373810109169512e-05,
      8.649852426818403e-05,
      8.2810909845171e-05,
      8.725994454168652e-05
    ]
  },
  "RF": {
    "accuracy": [
      0.9942357848301019,
      0.9946217139372597,
      0.9939034188374607,
      0.9938361215910168,
      0.9939720894970973
    ],
    "precision": [
      0.8880263647782293,
      0.8889101669243693,
      0.8697590054284168,
      0.8893545804769729,
      0.8910046444034577
    ],
    "recall": [
      0.8980979189961346,
      0.8986424120238767,
      0.8971903598621435,
      0.8976866592625597,
      0.8981687056485036
    ],
    "f1": [
      0.8902050461386993,
      0.8896284406214434,
      0.8780674765694314,
      0.8911714214868987,
      0.8915262718882409
    ],
    "pr_auc": [
      0.8991686353494778,
      0.8991526274356634,
      0.8992233835488616,
      0.8988741555342805,
      0.899448728959307
    ],
    "fpr": [
      0.0005930518040108396,
      0.0005543787094432113,
      0.0006261890615227126,
      0.0006330230343737976,
      0.0006194527650093589
    ],
    "fnr": [
      0.10190208100386544,
      0.1013575879761232,
      0.10280964013785665,
      0.10231334073744032,
      0.10183129435149638
    ],
    "train_time_s": [
      2.3710455999998885,
      1.987156700000014,
      1.9935623999999734,
      2.0227881999999227,
      2.0324510999998893
    ],
    "inference_ms": [
      0.004559159773277136,
      0.003314174997562396,
      0.0033091130085566856,
      0.003290879849693893,
      0.00351609228237964
    ]
  },
  "XGB": {
    "accuracy": [
      0.9093918114358623,
      0.9415145726006815,
      0.9221302187984557,
      0.920727963928676,
      0.9258315673528696
    ],
    "precision": [
      0.796978492604305,
      0.8004766851292839,
      0.8010178102213693,
      0.8001252868986886,
      0.8035477932464341
    ],
    "recall": [
      0.8645698744471334,
      0.8774848962082377,
      0.8695099811950632,
      0.86877279906917,
      0.8712767871593187
    ],
    "f1": [
      0.785989217191453,
      0.8018339699106634,
      0.7932916088166438,
      0.7925850549630813,
      0.7958157089773745
    ],
    "pr_auc": [
      0.899082472320621,
      0.8990371992889366,
      0.898486716336215,
      0.8978514102350384,
      0.8975678169161547
    ],
    "fpr": [
      0.009149823757985643,
      0.00591028522399505,
      0.007864875034315232,
      0.008006264341311981,
      0.007491258295234425
    ],
    "fnr": [
      0.13543012555286663,
      0.12251510379176216,
      0.13049001880493682,
      0.13122720093082993,
      0.12872321284068122
    ],
    "train_time_s": [
      5.3137682000001405,
      3.427404000000024,
      3.389816300000348,
      3.396711200000027,
      3.434020099999543
    ],
    "inference_ms": [
      0.001480721673696211,
      0.0010612812846354598,
      0.0010477096274884535,
      0.0010449763978941425,
      0.0010567490210996436
    ]
  },
  "LGBM": {
    "accuracy": [
      0.994466518246481,
      0.9945118408818412,
      0.9939514882992063,
      0.9939624756047482,
      0.9939720894970973
    ],
    "precision": [
      0.8890299281681979,
      0.8884438847626839,
      0.8899787320615937,
      0.8902339086988974,
      0.8914458319430821
    ],
    "recall": [
      0.898532316026494,
      0.8985120483351331,
      0.8980536734239907,
      0.8979219020000807,
      0.8982165744735511
    ],
    "f1": [
      0.8902445869552164,
      0.8899054636871512,
      0.8910518457401955,
      0.8913738540457974,
      0.8917468811510829
    ],
    "pr_auc": [
      0.89906319527007,
      0.8989005163940226,
      0.8989607809453364,
      0.8991304185972332,
      0.8988228761443435
    ],
    "fpr": [
      0.0005702041973713638,
      0.0005674801814123593,
      0.0006215768733212954,
      0.0006204515496954822,
      0.000619464108788414
    ],
    "fnr": [
      0.1014676839735061,
      0.10148795166486686,
      0.10194632657600922,
      0.10207809799991927,
      0.101783425526449
    ],
    "train_time_s": [
      2.130573099999765,
      1.7384194999999636,
      2.2523936999996295,
      1.6820967000003293,
      1.7003672000000734
    ],
    "inference_ms": [
      0.003273133703147733,
      0.002691252456692837,
      0.002662766631003742,
      0.0026171521453395036,
      0.002631652504487183
    ]
  },
  "KNN": {
    "accuracy": [
      0.9633367348200074,
      0.9634205130247641,
      0.9633312411672365,
      0.9633504689519347,
      0.9633724435630184
    ],
    "precision": [
      0.8428107651994562,
      0.8430179224271356,
      0.8418386433504139,
      0.8399225370879837,
      0.8450006755100465
    ],
    "recall": [
      0.7766404899320507,
      0.7768242702204772,
      0.7769328510613709,
      0.7767417571630967,
      0.7763505387847489
    ],
    "f1": [
      0.7572911948734448,
      0.7573012029769955,
      0.7576433056040834,
      0.7570241288835675,
      0.7573943069456022
    ],
    "pr_auc": [
      0.7298774174568836,
      0.7295356283523302,
      0.7290224851394342,
      0.7302099725211474,
      0.7297706505925917
    ],
    "fpr": [
      0.0037983994687925196,
      0.003787865519031045,
      0.0037968421309616763,
      0.0037949511397526647,
      0.0039270676056160515
    ],
    "fnr": [
      0.22335951006794913,
      0.2231757297795228,
      0.22306714893862897,
      0.22325824283690338,
      0.2236494612152511
    ],
    "train_time_s": [
      0.01335899999958201,
      0.009395200000199111,
      0.009394600000632636,
      0.009367800000291027,
      0.00977820000025531
    ],
    "inference_ms": [
      0.1345323278117543,
      0.10770561176630522,
      0.10815381527317973,
      0.11264938052197938,
      0.10759615705254545
    ]
  },
  "MLP": {
    "accuracy": [
      0.9935394643413866,
      0.9939720894970973,
      0.9933925091297642,
      0.9930738772690503,
      0.9938622164416787
    ],
    "precision": [
      0.870074603683101,
      0.8726209802487015,
      0.8737077374015616,
      0.8738871280158571,
      0.8692787671125414
    ],
    "recall": [
      0.8950924198576123,
      0.89588556432352,
      0.8957464575557804,
      0.8951585857982496,
      0.8957154926222411
    ],
    "f1": [
      0.8786538180165412,
      0.8778711295118382,
      0.8798501334567103,
      0.8807164709414067,
      0.8776374305624308
    ],
    "pr_auc": [
      0.8968367084771058,
      0.8965715521174478,
      0.8970625500876835,
      0.897750029515182,
      0.8971654237511928
    ],